filing_id,ticker,company_name,filing_type,filing_date,period_end_date,filing_title,section_text,item_type,pages_count,file_size_kb,_loaded_at
SF-001,AAPL,Apple Inc.,10-K,2024-11-01,2024-09-28,Apple Inc. Annual Report 2024 - Risk Factors,"Our business faces substantial risks from global supply chain disruption and geopolitical instability. Prolonged litigation in patent disputes and ongoing antitrust investigations in the European Union may adversely affect our operations and financial results. We rely heavily on third-party component suppliers and any cybersecurity incident at a key supplier could materially impact product availability.",Risk Factors,12,245,2024-11-02 06:00:00
SF-002,AAPL,Apple Inc.,10-K,2024-11-01,2024-09-28,Apple Inc. Annual Report 2024 - MD&A,"The company achieved record revenue of 383 billion for fiscal 2024 driven by innovation across our product portfolio and strong growth in Services. Gross margin expanded 130 basis points reflecting favorable product mix and operational efficiency improvements. Our investment in AI through Apple Intelligence positions us for continued innovation and market leadership.",MD&A,18,380,2024-11-02 06:00:00
SF-003,AAPL,Apple Inc.,10-Q,2025-01-30,2024-12-28,Apple Inc. Q1 2025 Quarterly Report - Risk Factors,"Competition in the smartphone and wearable markets continues to intensify particularly in emerging markets where local manufacturers are gaining market share. Regulatory actions related to app store policies and data privacy could require significant changes to our business model in key markets.",Risk Factors,8,168,2025-01-31 06:00:00
SF-004,MSFT,Microsoft Corp.,10-K,2024-10-24,2024-06-30,Microsoft Corp. Annual Report 2024 - Risk Factors,"We face cybersecurity threats that could lead to data breaches affecting our cloud services and enterprise customers. Ongoing litigation includes government investigations into competitive practices in cloud computing. Rapid technological change requires continuous innovation investment and any failure to maintain our competitive position could adversely affect results.",Risk Factors,15,312,2024-10-25 06:00:00
SF-005,MSFT,Microsoft Corp.,10-K,2024-10-24,2024-06-30,Microsoft Corp. Annual Report 2024 - MD&A,"Cloud revenue grew to 102 billion driven by Azure growth of 29 percent. Our AI strategy is creating significant new revenue streams with Copilot products generating substantial enterprise demand. Operating income grew 22 percent reflecting the leverage in our cloud infrastructure and the margin benefit of our subscription business model.",MD&A,20,420,2024-10-25 06:00:00
SF-006,MSFT,Microsoft Corp.,10-Q,2025-01-29,2024-12-31,Microsoft Corp. Q2 2025 Quarterly Report - Cybersecurity,"We identified and mitigated several advanced persistent threat campaigns targeting our cloud infrastructure during the quarter. Our investment in cybersecurity now exceeds 5 billion annually. We continue to enhance our security offerings with AI-powered threat detection. A data breach at one of our third-party service providers was contained without impact to customer data.",Cybersecurity,10,205,2025-01-30 06:00:00
SF-007,GOOGL,Alphabet Inc.,10-K,2024-12-10,2024-12-31,Alphabet Inc. Annual Report 2024 - Risk Factors,"Antitrust litigation in multiple jurisdictions poses substantial risk of regulatory penalties and required business model changes. Competition in AI and cloud computing requires sustained investment that may not generate adequate returns. Privacy regulations globally could limit our advertising targeting capabilities and reduce revenue growth.",Risk Factors,14,290,2024-12-11 06:00:00
SF-008,GOOGL,Alphabet Inc.,10-K,2024-12-10,2024-12-31,Alphabet Inc. Annual Report 2024 - MD&A,"Total revenue grew 15 percent to 350 billion with cloud revenue surpassing 48 billion for the full year. Our Gemini AI models are driving innovation across Search YouTube and Cloud products. The company is seeing strong growth in enterprise adoption of our AI platform with over 2 million developers building on our tools.",MD&A,22,455,2024-12-11 06:00:00
SF-009,GOOGL,Alphabet Inc.,10-Q,2025-04-29,2025-03-31,Alphabet Inc. Q1 2025 Quarterly Report - Competition,"Competition in generative AI is intensifying with significant investment from both established technology companies and well-funded startups. Our search business faces increased competition from AI-powered alternatives. We are investing aggressively in AI innovation and cloud infrastructure to maintain our competitive position in the market.",Competition,9,188,2025-04-30 06:00:00
SF-010,AMZN,Amazon.com Inc.,10-K,2025-02-07,2024-12-31,Amazon.com Inc. Annual Report 2024 - Risk Factors,"Supply chain disruption from global logistics challenges and trade policy uncertainty could increase costs significantly. Litigation includes ongoing antitrust cases in the United States and European Union. Data breach risks to our massive customer information database remain a significant concern requiring continuous investment in cybersecurity infrastructure.",Risk Factors,16,335,2025-02-08 06:00:00
SF-011,AMZN,Amazon.com Inc.,10-K,2025-02-07,2024-12-31,Amazon.com Inc. Annual Report 2024 - MD&A,"AWS revenue grew 19 percent to 107 billion with AI services driving accelerating demand. Our retail operating margins expanded significantly driven by regionalization and AI-powered logistics optimization. Free cash flow increased to 52 billion reflecting the operational leverage in our business model and innovation in cloud efficiency.",MD&A,25,510,2025-02-08 06:00:00
SF-012,AMZN,Amazon.com Inc.,10-Q,2025-04-30,2025-03-31,Amazon.com Inc. Q1 2025 Quarterly Report - Supply Chain,"We continue to face supply chain disruption challenges in our international operations particularly in Southeast Asia and Latin America. Our diversification strategy is reducing single-source dependencies. We are investing in automation and AI to improve supply chain resilience and reduce the impact of geopolitical risks on our operations.",Supply Chain,11,228,2025-05-01 06:00:00
SF-013,NVDA,NVIDIA Corp.,10-K,2025-02-26,2025-01-26,NVIDIA Corp. Annual Report 2025 - Risk Factors,"Our business is highly dependent on a limited number of foundry partners for chip manufacturing creating supply chain concentration risk. Export restrictions on AI chips to China have substantially reduced our addressable market. Competition from custom silicon developed by our largest cloud customers could reduce demand for our products in the future.",Risk Factors,13,275,2025-02-27 06:00:00
SF-014,NVDA,NVIDIA Corp.,10-K,2025-02-26,2025-01-26,NVIDIA Corp. Annual Report 2025 - MD&A,"Revenue reached 130 billion for fiscal 2025 representing 114 percent year over year growth. Data center revenue accounted for 93 percent of total revenue driven by unprecedented demand for AI training and inference. Gross margins expanded to 73.8 percent reflecting our software ecosystem and pricing power in the AI computing market.",MD&A,19,395,2025-02-27 06:00:00
SF-015,NVDA,NVIDIA Corp.,10-Q,2025-05-28,2025-04-27,NVIDIA Corp. Q1 2026 Quarterly Report - Competition,"Competition in AI accelerators is increasing with AMD Intel and custom silicon programs from hyperscalers gaining traction. Our competitive advantage lies in our CUDA software ecosystem which has over 5 million developers. We continue to invest aggressively in R&D to maintain our leadership position in AI computing.",Competition,8,170,2025-05-29 06:00:00
SF-016,META,Meta Platforms Inc.,10-K,2025-01-30,2024-12-31,Meta Platforms Inc. Annual Report 2024 - Risk Factors,"Privacy regulations in the EU including the Digital Markets Act could require fundamental changes to our advertising business model. Ongoing litigation includes government investigations into competitive practices and content moderation policies. Competition from TikTok and other social platforms continues to challenge user engagement in key demographics.",Risk Factors,18,375,2025-01-31 06:00:00
SF-017,META,Meta Platforms Inc.,10-K,2025-01-30,2024-12-31,Meta Platforms Inc. Annual Report 2024 - MD&A,"Revenue grew 22 percent to 164 billion driven by advertising demand and AI-powered ad targeting improvements. Operating margin expanded to 43 percent from 35 percent a year ago. Our investment in AI infrastructure is yielding measurable improvements in content recommendations and ad relevance driving higher engagement and monetization rates.",MD&A,21,435,2025-01-31 06:00:00
SF-018,META,Meta Platforms Inc.,10-Q,2025-04-30,2025-03-31,Meta Platforms Inc. Q1 2025 Quarterly Report - Litigation,"We are facing multiple class-action lawsuits related to data privacy practices and content moderation decisions. Settlement costs could be substantial. We are investing in compliance programs to address regulatory concerns and reduce litigation risk. The outcomes of these cases are uncertain and may adversely affect our financial position.",Litigation,9,192,2025-05-01 06:00:00
SF-019,TSLA,Tesla Inc.,10-K,2025-01-28,2024-12-31,Tesla Inc. Annual Report 2024 - Risk Factors,"The company faces substantial impairment risk on assets related to manufacturing capacity expansion if demand growth does not meet expectations. Ongoing litigation includes product liability lawsuits and SEC investigations related to Autopilot claims. Supply chain disruption from geopolitical tensions and raw material sourcing challenges present ongoing risks to production.",Risk Factors,20,415,2025-01-29 06:00:00
SF-020,TSLA,Tesla Inc.,10-K,2025-01-28,2024-12-31,Tesla Inc. Annual Report 2024 - MD&A,"Automotive revenue declined 1 percent to 77.7 billion due to price reductions and competitive pressure in the global EV market. Energy generation and storage revenue grew 67 percent to 10.4 billion becoming a significant contributor to overall growth. Our operating margin of 7.9 percent reflects continued investment in next-generation vehicle platforms and autonomous driving technology.",MD&A,24,498,2025-01-29 06:00:00
SF-021,TSLA,Tesla Inc.,10-Q,2025-04-24,2025-03-31,Tesla Inc. Q1 2025 Quarterly Report - Impairment,"We recorded a 250 million impairment charge related to underutilized manufacturing equipment at our Berlin Gigafactory. The challenging environment in the European automotive market has reduced near-term capacity utilization. We are evaluating potential write-downs of additional assets as we adjust our production plans to align with demand forecasts.",Impairment,7,148,2025-04-25 06:00:00
SF-022,AAPL,Apple Inc.,10-K,2025-11-01,2025-09-27,Apple Inc. Annual Report 2025 - Risk Factors,"Regulatory pressure on our App Store business model continues to intensify globally with potential compliance costs exceeding 1 billion annually. Our reliance on a narrow supplier base for advanced semiconductor components creates concentration risk. Competition from AI-native device manufacturers could disrupt our product ecosystem.",Risk Factors,14,295,2025-11-02 06:00:00
SF-023,MSFT,Microsoft Corp.,10-Q,2025-04-29,2025-03-31,Microsoft Corp. Q3 2025 Quarterly Report - Innovation,"Our AI platform innovation continues to accelerate with the introduction of new Copilot capabilities across the Microsoft 365 suite. Azure AI Services now support over 1600 models including our latest Phi-4 family. We are seeing strong growth in AI-powered security solutions and expect this to be a multi-billion dollar opportunity within two years.",Innovation,10,208,2025-04-30 06:00:00
SF-024,NVDA,NVIDIA Corp.,10-Q,2025-08-27,2025-07-27,NVIDIA Corp. Q2 2026 Quarterly Report - Regulation,"Export control restrictions on advanced AI chips continue to evolve creating uncertainty in our addressable market. We are working with governments globally to ensure compliance while advocating for balanced policy. The regulatory environment for AI is becoming more complex with potential implications for our product roadmap and go-to-market strategy.",Regulation,8,165,2025-08-28 06:00:00
SF-025,AMZN,Amazon.com Inc.,10-Q,2025-07-31,2025-06-30,Amazon.com Inc. Q2 2025 Quarterly Report - Data Security,"We detected and contained a cybersecurity incident affecting a limited number of third-party seller accounts. No customer data was compromised. We are investing over 2 billion annually in cybersecurity capabilities and have implemented enhanced monitoring systems. Our cloud security certifications continue to meet the most rigorous industry standards.",Cybersecurity,9,185,2025-08-01 06:00:00
SF-026,META,Meta Platforms Inc.,10-Q,2025-07-29,2025-06-30,Meta Platforms Inc. Q2 2025 Quarterly Report - Competition,"TikTok engagement metrics remain elevated despite regulatory uncertainty around its operations. We are investing heavily in AI-powered content creation tools and Reels to maintain our competitive position. Our open source AI strategy with Llama is attracting significant developer engagement and creating a valuable ecosystem for our platforms.",Competition,11,230,2025-07-30 06:00:00
SF-027,TSLA,Tesla Inc.,10-Q,2025-07-24,2025-06-30,Tesla Inc. Q2 2025 Quarterly Report - Supply Chain,"Supply chain disruption from tariff uncertainty and raw material price volatility is creating margin pressure on our automotive segment. We are working to localize supply chains across our global manufacturing footprint. Lithium and rare earth material sourcing remains a key strategic priority and we have signed several long-term supply agreements to reduce risk.",Supply Chain,10,210,2025-07-25 06:00:00
SF-028,GOOGL,Alphabet Inc.,10-K,2025-12-10,2025-12-31,Alphabet Inc. Annual Report 2025 - Regulation,"The regulatory landscape continues to evolve with new AI governance frameworks being proposed in the EU and United States. Compliance costs for these regulations could be substantial. We are actively engaging with policymakers to shape balanced regulation while investing in responsible AI development practices across our organization.",Regulation,12,250,2025-12-11 06:00:00
SF-029,AAPL,Apple Inc.,10-Q,2025-07-30,2025-06-28,Apple Inc. Q3 2025 Quarterly Report - Innovation,"Apple Intelligence capabilities have expanded to over 50 languages driving increased upgrade activity across our product lineup. Our custom silicon roadmap remains on track with next-generation M5 and A20 chips delivering industry-leading performance and efficiency. We see strong growth in health features and spatial computing as new revenue streams.",Innovation,11,230,2025-07-31 06:00:00
SF-030,MSFT,Microsoft Corp.,10-K,2025-10-23,2025-06-30,Microsoft Corp. Annual Report 2025 - Cybersecurity,"We experienced nation-state sponsored cyberattacks targeting our cloud infrastructure during the fiscal year. Our security investments now exceed 7 billion annually. We are implementing zero-trust architecture across all our products and services. A cybersecurity audit identified several areas for improvement which are being addressed through enhanced protocols.",Cybersecurity,14,290,2025-10-24 06:00:00
SF-031,AMZN,Amazon.com Inc.,10-K,2026-02-06,2025-12-31,Amazon.com Inc. Annual Report 2025 - Litigation,"We face ongoing antitrust litigation from the FTC and several state attorneys general related to our marketplace practices. Potential remedies could include structural changes to our business. We are also facing class-action lawsuits related to workplace safety conditions. Legal reserves have been increased to reflect the evolving risk landscape.",Litigation,16,335,2026-02-07 06:00:00
SF-032,NVDA,NVIDIA Corp.,10-K,2026-02-26,2026-01-25,NVIDIA Corp. Annual Report 2026 - Innovation,"Our Blackwell Ultra and next-generation Rubin architectures are setting new benchmarks for AI compute performance. We are seeing strong growth in enterprise AI adoption across healthcare financial services and manufacturing. Our software stack including CUDA TensorRT and AI Enterprise is creating significant recurring revenue and customer lock-in effects.",Innovation,20,415,2026-02-27 06:00:00
